L553PVF2,Terry
L11SHSQ2,
L47FYJM2,
L4PZKLH2,
L4ZBPMQ2,
L52TBZM2,
L5DLWTP2,
L65F79H2,
L7KKW2H2,
L7MF5S72,
L845Y4Q2,
L8FXHR72,
L8XP02G2,
L9MB16H2,
LBGYQYM2,
LD0FHSQ2,
LFRZZWF2,
LGDS2XF2,
LGWGGTF2,
LHRZQSC2,
LJ5MKL32,
D3C84CH2,
D4MF5KH2,
DF4RFDH2,
L1RXCZF2,
L1W6FJ72,
L2QPKXF2,
L47XMPN2,
L4KQT5H2,
L59KTPN2,
L5ZXN262,
L7BB32G2,
L894LV32,
L8M7GZ52,Jon
LBQ1NNQ2,
LBSQTR32,
LBWVZC72,
LC2PQL32,
LCNYH062,
LD4XJSN2,
LDG7KLH2,
LFCVZM72,
LFS5J2G2,
LH1S0S72,
LJ0PQL32,
LJ4PPPN2,
LJKXQL32,
LJMP4P12,
LJS4DJ72,
